<Group Id="{2bda243e-c37d-422b-8cd0-d03c2a96e49f}">
<!-- Allow Approved USBs based on device properties -->
<!-- ./Vendor/MSFT/Defender/Configuration/DeviceControl/PolicyGroups/%7b2bda243e-c37d-422b-8cd0-d03c2a96e49f%7d/GroupData -->
    <MatchType>MatchAny</MatchType>
    <DescriptorIdList>
    <!-- This is your allow hardware list, add entries for allowed devices here based on the DescriptorIdList property schema -->
        <SerialNumberId>USBDEVICEIDSERIALNUMBER1</SerialNumberId>
        <SerialNumberId>USBDEVICEIDSERIALNUMBER2</SerialNumberId>
    </DescriptorIdList>
</Group>
