<PolicyRule Id="{84a93c89-28e9-4055-a573-06a169f734f4}">
<!-- Policy Block read write and execute but allow approved USB devices -->
    <Name>Block read write and execute but allow approved USB devices</Name>
    <IncludedIdList>
        <GroupId>{e2dd67b5-e72c-44ae-88ac-5c5e33568d28}</GroupId>
    </IncludedIdList>
    <ExcludedIdList>
        <GroupId>{2bda243e-c37d-422b-8cd0-d03c2a96e49f}</GroupId>
    </ExcludedIdList>
    <Entry Id="{d6cf9f24-9987-48c5-b92f-88451c85fd9a}">
        <Type>Deny</Type>
        <Options>0</Options>
        <AccessMask>7</AccessMask>
    </Entry>
    <Entry Id="{4092985d-4315-40a6-a3f4-683ba26adfcb}">
        <Type>AuditDenied</Type>
        <Options>3</Options>
        <AccessMask>7</AccessMask>
    </Entry>
</PolicyRule>
